eNBId,bts_name,Cell,NodeId,EUtranCellFDDId,earfcndl,administrativeState,operationalState,userLabel,tac,physicalLayerCellId,physicalLayerCellIdGroup,physicalLayerSubCellId,latitude,longitude,ems,catm1SupportEnabled,cellRange,crsGain,dlChannelBandwidth,freqBand,noOfPucchCqiUsers,noOfPucchSrUsers,primaryPlmnReserved,rachRootSequence,highSpeedUEActive,commonSrPeriodicity,address,RF_port,productName,serialNumber,Cascade,sleepMode,sleepState,RATFreqPrioId,spidList,EutranFreqRelationId,cellReselectionPriority,featureState_LoadBasedDistributionAtRelease_CXC4011944,featureState_SpidRatFreqPrio_CXC4011063,IdleModePrioAtRelease,a1a2SearchThresholdRsrp,hysteresisA1A2SearchRsrp,a5Threshold1Rsrp,a5Threshold2Rsrp,hysteresisA5,a3offset,hysteresisA3,part_name,city,gu,dong,bungi,sisul_code,ru_name,new_sisul,latitude_norm_2,longitude_norm_2,eqp_id,mibos_eqp_nm,du_eqp_id
69432,DummyBTS_7,8,dummy-node-896,dummy-eutran-662,2850,UNLOCKED,DISABLED,Blank,1592,0,1,8,35.05711129,127.7478079,0,FALSE,20,440,12218,9,292,79,FALSE,88,FALSE,34,78.dummy.address,21-B15-RRUS8-0,RRUS6,CB4L360386,1,DEACTIVATED,DEACTIVATED,3,"[66, 194, 156, 149]",6,4,ACTIVATED,DEACTIVATED,4,-109,6,-114,-106,4,23,6,nan,nan,nan,nan,nan,nan,nan,nan,39.89482866,128.6121861,8608453129,nan,7776447114
61496,DummyBTS_635,9,dummy-node-131,dummy-eutran-907,2850,UNLOCKED,ENABLED,Blank,1585,8,1,0,36.99161066,127.8956449,1,FALSE,6,143,14372,5,260,412,TRUE,36,TRUE,42,78.dummy.address,95-B5-RRUS17-0,RRUS19,CB4L950607,2,ACTIVATED,ACTIVATED,1,"[63, 50, 96, 98]",5,8,ACTIVATED,ACTIVATED,4,-117,8,-124,-104,0,5,4,nan,nan,nan,nan,nan,nan,nan,nan,37.90333676,129.8795782,4853163443,nan,7913217527
60639,DummyBTS_81,6,dummy-node-269,dummy-eutran-854,2850,UNLOCKED,ENABLED,Blank,1537,8,4,3,38.65494482,127.3832144,2,TRUE,18,241,11543,3,29,377,FALSE,37,TRUE,17,89.dummy.address,28-B16-RRUS14-0,RRUS18,CB4L360904,0,ACTIVATED,DEACTIVATED,5,"[132, 113, 114, 58]",4,9,ACTIVATED,DEACTIVATED,4,-113,7,-118,-93,1,45,1,nan,nan,nan,nan,nan,nan,nan,nan,37.90926268,127.951816,2481047088,nan,7778454284
74882,DummyBTS_827,7,dummy-node-207,dummy-eutran-468,2500,LOCKED,DISABLED,Blank,1199,2,7,5,37.6809901,128.2607046,0,FALSE,9,311,16877,1,434,99,FALSE,72,FALSE,39,61.dummy.address,1-B19-RRUS17-0,RRUS7,CB4L191801,1,ACTIVATED,ACTIVATED,6,"[88, 192, 161, 118]",8,9,ACTIVATED,DEACTIVATED,8,-108,0,-97,-116,8,32,2,nan,nan,nan,nan,nan,nan,nan,nan,35.62558477,129.3574658,2327281372,nan,5657464166
68239,DummyBTS_584,1,dummy-node-443,dummy-eutran-647,3200,UNLOCKED,ENABLED,Blank,1987,9,1,8,35.02674807,128.3018326,1,TRUE,21,175,17732,8,412,193,FALSE,78,TRUE,11,7.dummy.address,71-B17-RRUS12-0,RRUS10,CB4L290381,2,DEACTIVATED,ACTIVATED,2,"[120, 120, 72, 108]",9,8,DEACTIVATED,ACTIVATED,0,-119,6,-99,-103,5,1,0,nan,nan,nan,nan,nan,nan,nan,nan,36.38568539,128.605235,3138359681,nan,6902412731
62069,DummyBTS_46,9,dummy-node-162,dummy-eutran-583,2850,UNLOCKED,ENABLED,Blank,1868,6,9,2,38.57952319,127.9763767,0,TRUE,22,61,11196,2,276,423,TRUE,80,TRUE,49,16.dummy.address,6-B19-RRUS9-0,RRUS7,CB4L108062,1,ACTIVATED,ACTIVATED,6,"[133, 76, 80, 29]",6,1,ACTIVATED,ACTIVATED,7,-111,1,-123,-115,2,31,8,nan,nan,nan,nan,nan,nan,nan,nan,37.7887269,127.6200121,6728084098,nan,1900057667
63408,DummyBTS_450,4,dummy-node-419,dummy-eutran-911,2850,UNLOCKED,ENABLED,Blank,1886,1,9,5,37.56501671,127.6176847,2,TRUE,19,75,19826,7,442,439,TRUE,39,TRUE,34,19.dummy.address,40-B5-RRUS18-0,RRUS13,CB4L576296,1,DEACTIVATED,ACTIVATED,7,"[6, 120, 85, 187]",9,0,DEACTIVATED,ACTIVATED,4,-122,5,-98,-125,6,22,1,nan,nan,nan,nan,nan,nan,nan,nan,37.66602944,127.1211715,1419922108,nan,6409623180
63193,DummyBTS_577,0,dummy-node-43,dummy-eutran-320,2500,UNLOCKED,DISABLED,Blank,1013,2,1,7,35.28235429,128.4287332,0,FALSE,11,151,13399,6,194,249,FALSE,33,TRUE,6,80.dummy.address,82-B14-RRUS13-0,RRUS17,CB4L540763,1,DEACTIVATED,DEACTIVATED,3,"[109, 152, 68, 181]",0,5,ACTIVATED,DEACTIVATED,0,-126,9,-99,-122,4,24,1,nan,nan,nan,nan,nan,nan,nan,nan,38.71681267,128.8843634,6285637730,nan,6468973687
70179,DummyBTS_708,7,dummy-node-879,dummy-eutran-810,2850,LOCKED,ENABLED,Blank,1962,5,3,3,38.66764544,128.7524777,0,TRUE,23,408,13480,7,102,324,FALSE,38,TRUE,38,16.dummy.address,58-B13-RRUS14-0,RRUS14,CB4L102828,1,DEACTIVATED,ACTIVATED,5,"[45, 92, 19, 25]",2,6,DEACTIVATED,ACTIVATED,9,-125,2,-103,-112,1,11,1,nan,nan,nan,nan,nan,nan,nan,nan,36.95510137,127.2364958,7790748373,nan,6367260967
63456,DummyBTS_904,2,dummy-node-329,dummy-eutran-448,2500,LOCKED,DISABLED,Blank,1056,8,9,2,36.80522996,127.3355042,1,TRUE,24,362,16737,7,70,329,TRUE,59,FALSE,1,77.dummy.address,52-B15-RRUS11-0,RRUS12,CB4L804493,1,ACTIVATED,ACTIVATED,8,"[111, 114, 14, 81]",9,9,ACTIVATED,DEACTIVATED,2,-101,4,-119,-103,9,0,1,nan,nan,nan,nan,nan,nan,nan,nan,36.00032983,127.7350432,4284983858,nan,5762480957
65977,DummyBTS_279,8,dummy-node-150,dummy-eutran-58,2850,UNLOCKED,ENABLED,Blank,1260,8,6,6,36.92154972,128.6756193,0,TRUE,9,427,12763,3,413,248,TRUE,42,TRUE,3,21.dummy.address,49-B16-RRUS19-0,RRUS15,CB4L742856,2,ACTIVATED,ACTIVATED,6,"[96, 143, 121, 172]",7,5,ACTIVATED,DEACTIVATED,7,-112,4,-118,-100,4,28,1,nan,nan,nan,nan,nan,nan,nan,nan,38.50916632,129.4321866,5229873934,nan,4584361666
73469,DummyBTS_671,1,dummy-node-703,dummy-eutran-824,2850,LOCKED,DISABLED,Blank,1360,3,5,7,36.51777452,129.0555755,1,FALSE,12,197,14142,4,320,193,FALSE,67,TRUE,19,67.dummy.address,98-B2-RRUS11-0,RRUS4,CB4L685555,2,DEACTIVATED,ACTIVATED,0,"[55, 187, 36, 179]",7,7,DEACTIVATED,DEACTIVATED,2,-120,6,-128,-109,2,15,0,nan,nan,nan,nan,nan,nan,nan,nan,36.93230508,128.4963344,4235400916,nan,3268859871
65304,DummyBTS_198,3,dummy-node-485,dummy-eutran-808,2850,LOCKED,ENABLED,Blank,1040,8,2,5,35.93531771,129.045402,0,TRUE,23,26,16062,3,420,214,TRUE,45,FALSE,43,67.dummy.address,26-B7-RRUS4-0,RRUS7,CB4L564765,0,DEACTIVATED,ACTIVATED,6,"[16, 147, 65, 153]",6,4,ACTIVATED,ACTIVATED,9,-93,8,-93,-129,7,39,2,nan,nan,nan,nan,nan,nan,nan,nan,36.18430622,129.2620481,1969587264,nan,4714839795
68259,DummyBTS_860,9,dummy-node-179,dummy-eutran-852,3200,UNLOCKED,ENABLED,Blank,1135,6,1,0,38.0720779,127.6395174,0,FALSE,10,261,13307,7,68,207,FALSE,14,TRUE,13,7.dummy.address,77-B11-RRUS5-0,RRUS11,CB4L152633,1,ACTIVATED,DEACTIVATED,1,"[4, 94, 4, 142]",7,0,DEACTIVATED,DEACTIVATED,5,-91,8,-111,-120,3,5,0,nan,nan,nan,nan,nan,nan,nan,nan,38.60235984,129.3005374,9933248863,nan,7403764757
71715,DummyBTS_738,8,dummy-node-957,dummy-eutran-27,3200,LOCKED,ENABLED,Blank,1924,1,0,8,35.90288556,127.2600661,2,TRUE,16,326,17477,9,12,281,TRUE,95,FALSE,10,7.dummy.address,16-B13-RRUS10-0,RRUS10,CB4L559109,2,DEACTIVATED,ACTIVATED,7,"[75, 113, 142, 113]",5,4,DEACTIVATED,ACTIVATED,0,-95,2,-123,-94,5,19,2,nan,nan,nan,nan,nan,nan,nan,nan,39.90137076,128.2543528,6641003251,nan,3740629169
68102,DummyBTS_143,4,dummy-node-780,dummy-eutran-961,2500,UNLOCKED,DISABLED,Blank,1827,9,7,7,35.39341029,129.6382231,1,TRUE,14,345,18214,9,28,1,FALSE,90,TRUE,48,79.dummy.address,3-B17-RRUS16-0,RRUS17,CB4L574318,0,ACTIVATED,DEACTIVATED,9,"[66, 35, 2, 19]",5,4,DEACTIVATED,ACTIVATED,2,-128,6,-115,-122,0,45,1,nan,nan,nan,nan,nan,nan,nan,nan,36.89700443,127.3763218,6440395254,nan,4952489034
70478,DummyBTS_234,6,dummy-node-972,dummy-eutran-471,2500,LOCKED,DISABLED,Blank,1217,9,0,2,39.82517834,129.3625627,0,TRUE,3,141,17861,6,137,261,TRUE,15,TRUE,11,80.dummy.address,58-B10-RRUS19-0,RRUS1,CB4L961019,0,DEACTIVATED,DEACTIVATED,8,"[185, 179, 87, 26]",9,8,DEACTIVATED,DEACTIVATED,7,-95,5,-105,-130,6,41,3,nan,nan,nan,nan,nan,nan,nan,nan,38.76202962,127.9732912,8677227328,nan,6629434709
64136,DummyBTS_335,9,dummy-node-5,dummy-eutran-840,2500,UNLOCKED,DISABLED,Blank,1584,1,8,8,38.33178446,127.9792842,1,FALSE,22,212,18173,7,336,98,FALSE,63,TRUE,34,76.dummy.address,79-B18-RRUS12-0,RRUS18,CB4L187624,0,ACTIVATED,ACTIVATED,6,"[98, 165, 41, 164]",1,9,DEACTIVATED,ACTIVATED,9,-109,3,-115,-94,5,36,8,nan,nan,nan,nan,nan,nan,nan,nan,36.91860926,128.1057599,6848428753,nan,4716413370
74323,DummyBTS_485,4,dummy-node-727,dummy-eutran-353,2500,LOCKED,DISABLED,Blank,1666,4,1,7,38.82657312,129.8081623,0,TRUE,4,497,18851,1,269,438,TRUE,79,TRUE,6,14.dummy.address,25-B16-RRUS12-0,RRUS7,CB4L736496,2,DEACTIVATED,ACTIVATED,3,"[173, 110, 56, 138]",6,1,ACTIVATED,ACTIVATED,3,-102,7,-113,-103,7,26,0,nan,nan,nan,nan,nan,nan,nan,nan,35.04293944,129.9503112,1490602851,nan,5809985485
74464,DummyBTS_708,7,dummy-node-597,dummy-eutran-246,2500,LOCKED,ENABLED,Blank,1606,8,8,2,36.42170846,128.9118997,0,FALSE,8,139,16747,4,188,368,FALSE,8,FALSE,27,92.dummy.address,40-B6-RRUS8-0,RRUS17,CB4L541741,1,DEACTIVATED,ACTIVATED,2,"[26, 158, 53, 30]",5,1,ACTIVATED,ACTIVATED,3,-130,8,-108,-105,6,5,0,nan,nan,nan,nan,nan,nan,nan,nan,38.31653384,129.9879127,2501680801,nan,6922895662
75963,DummyBTS_498,3,dummy-node-682,dummy-eutran-623,3200,UNLOCKED,DISABLED,Blank,1168,2,2,5,38.86554645,129.2100074,0,TRUE,1,184,10653,4,406,170,FALSE,70,FALSE,28,84.dummy.address,70-B10-RRUS14-0,RRUS6,CB4L776088,2,ACTIVATED,ACTIVATED,5,"[12, 2, 76, 89]",9,5,ACTIVATED,ACTIVATED,7,-115,0,-106,-102,9,2,3,nan,nan,nan,nan,nan,nan,nan,nan,38.24254135,127.7140764,5950296338,nan,9670606095
77594,DummyBTS_615,1,dummy-node-55,dummy-eutran-129,3200,UNLOCKED,DISABLED,Blank,1289,3,2,2,37.2430102,129.8054843,1,FALSE,2,443,19194,9,347,225,FALSE,85,TRUE,22,9.dummy.address,15-B7-RRUS12-0,RRUS12,CB4L824367,0,ACTIVATED,ACTIVATED,9,"[1, 25, 80, 183]",9,7,DEACTIVATED,ACTIVATED,1,-119,0,-128,-115,1,4,6,nan,nan,nan,nan,nan,nan,nan,nan,37.05214053,129.7557325,7034375200,nan,3217191572
69587,DummyBTS_807,6,dummy-node-991,dummy-eutran-946,3200,UNLOCKED,DISABLED,Blank,1597,5,9,1,36.28143816,128.3074904,1,FALSE,25,174,19938,2,171,361,TRUE,91,TRUE,47,33.dummy.address,89-B18-RRUS8-0,RRUS2,CB4L100276,0,ACTIVATED,ACTIVATED,7,"[118, 114, 184, 158]",9,6,ACTIVATED,DEACTIVATED,4,-102,5,-107,-98,1,40,3,nan,nan,nan,nan,nan,nan,nan,nan,35.62433954,129.2001143,2993310229,nan,1729636596
71968,DummyBTS_560,6,dummy-node-631,dummy-eutran-80,2500,UNLOCKED,ENABLED,Blank,1802,1,8,9,36.63773035,127.4678732,1,FALSE,16,182,12183,2,265,476,FALSE,48,FALSE,48,66.dummy.address,94-B5-RRUS11-0,RRUS18,CB4L934961,0,DEACTIVATED,DEACTIVATED,1,"[84, 194, 113, 165]",9,0,DEACTIVATED,ACTIVATED,7,-95,3,-123,-124,1,15,7,nan,nan,nan,nan,nan,nan,nan,nan,39.63168372,129.8271898,9899921971,nan,5593916234
75294,DummyBTS_490,5,dummy-node-714,dummy-eutran-144,2500,LOCKED,ENABLED,Blank,1071,5,5,4,36.55420568,128.1484588,2,FALSE,20,375,10936,1,301,133,TRUE,21,FALSE,29,6.dummy.address,2-B5-RRUS8-0,RRUS5,CB4L736577,0,ACTIVATED,ACTIVATED,8,"[117, 139, 4, 173]",8,5,ACTIVATED,DEACTIVATED,6,-91,0,-116,-93,5,26,2,nan,nan,nan,nan,nan,nan,nan,nan,39.21537919,128.839186,7087259868,nan,4406739960
79911,DummyBTS_288,7,dummy-node-84,dummy-eutran-90,2500,UNLOCKED,ENABLED,Blank,1768,9,3,7,35.75158328,129.3091415,0,TRUE,1,43,16774,4,174,236,FALSE,2,FALSE,26,7.dummy.address,13-B6-RRUS1-0,RRUS3,CB4L604980,1,DEACTIVATED,DEACTIVATED,8,"[190, 100, 191, 122]",0,4,DEACTIVATED,DEACTIVATED,4,-101,0,-97,-129,0,35,1,nan,nan,nan,nan,nan,nan,nan,nan,36.85221355,128.5126162,6303941435,nan,4272937206
76950,DummyBTS_917,7,dummy-node-721,dummy-eutran-930,2500,UNLOCKED,ENABLED,Blank,1142,0,4,8,39.59598533,129.8426018,0,TRUE,1,16,17162,9,431,13,TRUE,79,FALSE,27,67.dummy.address,81-B15-RRUS10-0,RRUS6,CB4L652817,1,ACTIVATED,ACTIVATED,1,"[4, 34, 168, 53]",2,5,ACTIVATED,DEACTIVATED,9,-124,8,-114,-125,8,22,1,nan,nan,nan,nan,nan,nan,nan,nan,38.12184199,129.4474332,9598267512,nan,8507349001
73492,DummyBTS_124,0,dummy-node-333,dummy-eutran-219,2850,LOCKED,DISABLED,Blank,1505,6,7,2,39.22192995,129.1648829,2,TRUE,17,152,11533,8,50,228,FALSE,97,FALSE,18,99.dummy.address,67-B1-RRUS2-0,RRUS6,CB4L206887,2,ACTIVATED,ACTIVATED,3,"[125, 2, 131, 15]",6,8,ACTIVATED,ACTIVATED,6,-110,7,-95,-106,0,6,8,nan,nan,nan,nan,nan,nan,nan,nan,36.55506089,127.2885702,6375279514,nan,9456610079
79319,DummyBTS_158,5,dummy-node-391,dummy-eutran-564,2500,UNLOCKED,ENABLED,Blank,1440,6,8,9,35.89651598,129.0202149,1,FALSE,8,7,19626,2,190,159,TRUE,34,TRUE,3,15.dummy.address,86-B4-RRUS12-0,RRUS16,CB4L412489,1,ACTIVATED,DEACTIVATED,4,"[39, 10, 57, 63]",6,6,DEACTIVATED,ACTIVATED,1,-123,6,-126,-103,2,22,9,nan,nan,nan,nan,nan,nan,nan,nan,36.30623787,128.0159695,5860764064,nan,5717502085
67906,DummyBTS_10,1,dummy-node-985,dummy-eutran-998,2850,LOCKED,ENABLED,Blank,1197,6,1,0,36.21509188,127.6844525,1,TRUE,25,228,10300,1,481,108,FALSE,83,TRUE,24,3.dummy.address,87-B13-RRUS4-0,RRUS11,CB4L631929,0,ACTIVATED,DEACTIVATED,8,"[4, 31, 114, 13]",7,6,DEACTIVATED,DEACTIVATED,6,-105,3,-106,-117,6,9,8,nan,nan,nan,nan,nan,nan,nan,nan,36.26799653,129.6495201,6678082657,nan,1205837887
61172,DummyBTS_335,5,dummy-node-431,dummy-eutran-695,2850,UNLOCKED,ENABLED,Blank,1048,9,4,6,38.98058178,128.7418979,1,FALSE,27,63,16534,3,415,41,FALSE,91,FALSE,42,30.dummy.address,75-B6-RRUS6-0,RRUS9,CB4L273793,2,ACTIVATED,ACTIVATED,1,"[60, 15, 48, 136]",5,8,DEACTIVATED,ACTIVATED,2,-104,9,-110,-94,6,40,4,nan,nan,nan,nan,nan,nan,nan,nan,35.78756909,129.6649763,7543051350,nan,5197805095
67755,DummyBTS_975,5,dummy-node-229,dummy-eutran-155,2850,LOCKED,DISABLED,Blank,1886,6,1,4,37.26294127,128.9177311,0,TRUE,25,115,10336,8,52,317,FALSE,98,FALSE,9,88.dummy.address,73-B18-RRUS6-0,RRUS16,CB4L197126,0,DEACTIVATED,DEACTIVATED,2,"[165, 188, 4, 194]",6,1,ACTIVATED,DEACTIVATED,5,-113,9,-95,-129,2,17,7,nan,nan,nan,nan,nan,nan,nan,nan,38.67873718,128.2518829,7597528976,nan,5182873407
63785,DummyBTS_490,1,dummy-node-675,dummy-eutran-232,3200,LOCKED,ENABLED,Blank,1304,2,2,2,39.82795794,129.1446547,1,TRUE,7,478,19320,7,195,246,FALSE,16,TRUE,34,79.dummy.address,73-B7-RRUS11-0,RRUS8,CB4L102987,2,ACTIVATED,ACTIVATED,5,"[33, 40, 103, 72]",5,5,ACTIVATED,DEACTIVATED,6,-108,2,-127,-117,7,46,2,nan,nan,nan,nan,nan,nan,nan,nan,36.7219642,127.8813243,4106136988,nan,6655970762
75265,DummyBTS_846,5,dummy-node-298,dummy-eutran-863,2850,LOCKED,DISABLED,Blank,1535,9,8,0,38.88370079,129.8401742,0,TRUE,21,331,17267,1,344,346,TRUE,81,TRUE,1,58.dummy.address,7-B9-RRUS16-0,RRUS3,CB4L453454,1,DEACTIVATED,ACTIVATED,2,"[13, 65, 177, 75]",7,4,DEACTIVATED,DEACTIVATED,2,-98,8,-110,-120,4,29,5,nan,nan,nan,nan,nan,nan,nan,nan,35.57372377,127.6806978,3719682291,nan,2873272746
69427,DummyBTS_805,7,dummy-node-964,dummy-eutran-866,2500,UNLOCKED,ENABLED,Blank,1541,8,5,8,36.5057131,128.2540665,0,FALSE,21,42,12162,1,253,179,FALSE,64,TRUE,29,61.dummy.address,70-B17-RRUS4-0,RRUS3,CB4L243868,1,DEACTIVATED,DEACTIVATED,4,"[7, 159, 43, 39]",2,5,DEACTIVATED,DEACTIVATED,8,-121,4,-127,-118,9,14,0,nan,nan,nan,nan,nan,nan,nan,nan,36.91817053,127.4514532,4137671105,nan,9384913611
76930,DummyBTS_372,0,dummy-node-97,dummy-eutran-793,2500,UNLOCKED,DISABLED,Blank,1532,5,6,1,35.33738806,127.2566173,0,TRUE,15,29,12885,1,58,392,FALSE,41,TRUE,10,35.dummy.address,71-B5-RRUS19-0,RRUS12,CB4L654125,0,DEACTIVATED,ACTIVATED,1,"[120, 146, 20, 177]",1,4,DEACTIVATED,DEACTIVATED,9,-117,5,-116,-124,6,6,4,nan,nan,nan,nan,nan,nan,nan,nan,37.43580344,128.7291024,9540222904,nan,8470797141
78551,DummyBTS_676,3,dummy-node-433,dummy-eutran-810,2850,UNLOCKED,ENABLED,Blank,1436,4,2,4,37.71786821,127.2283762,1,FALSE,29,483,18790,6,69,365,TRUE,88,FALSE,42,51.dummy.address,23-B16-RRUS17-0,RRUS14,CB4L841316,0,ACTIVATED,ACTIVATED,3,"[60, 175, 140, 136]",6,8,DEACTIVATED,DEACTIVATED,3,-114,7,-106,-103,0,8,8,nan,nan,nan,nan,nan,nan,nan,nan,35.48574957,127.1602287,9348295332,nan,3650131024
71979,DummyBTS_714,7,dummy-node-123,dummy-eutran-901,3200,LOCKED,ENABLED,Blank,1609,1,0,1,39.18004355,129.650011,1,FALSE,0,141,18280,3,215,480,FALSE,18,FALSE,43,22.dummy.address,67-B6-RRUS10-0,RRUS13,CB4L260489,1,ACTIVATED,ACTIVATED,1,"[80, 69, 129, 114]",4,2,DEACTIVATED,DEACTIVATED,7,-123,5,-119,-122,9,42,7,nan,nan,nan,nan,nan,nan,nan,nan,35.62208613,128.0351892,8548404611,nan,3006843103
67584,DummyBTS_657,1,dummy-node-188,dummy-eutran-511,2850,UNLOCKED,DISABLED,Blank,1305,9,5,2,35.92180269,128.1883966,1,FALSE,19,261,12676,5,372,354,TRUE,19,TRUE,17,20.dummy.address,14-B9-RRUS15-0,RRUS8,CB4L232579,0,ACTIVATED,DEACTIVATED,5,"[2, 81, 53, 52]",2,2,DEACTIVATED,DEACTIVATED,2,-128,5,-120,-116,1,31,7,nan,nan,nan,nan,nan,nan,nan,nan,39.24193889,128.7159953,7967337417,nan,4388788206
76374,DummyBTS_46,6,dummy-node-152,dummy-eutran-764,2500,LOCKED,ENABLED,Blank,1895,1,1,5,37.07446711,129.6956281,2,TRUE,14,65,14303,3,498,297,TRUE,29,TRUE,33,51.dummy.address,2-B9-RRUS1-0,RRUS2,CB4L806945,1,ACTIVATED,ACTIVATED,9,"[142, 131, 52, 181]",5,4,ACTIVATED,DEACTIVATED,6,-102,7,-97,-120,2,10,1,nan,nan,nan,nan,nan,nan,nan,nan,36.59499912,129.1915174,2048069692,nan,5860574333
62909,DummyBTS_395,2,dummy-node-625,dummy-eutran-484,3200,LOCKED,ENABLED,Blank,1392,8,6,1,37.19862989,128.2800397,2,FALSE,1,467,10258,2,429,115,FALSE,15,TRUE,48,52.dummy.address,71-B5-RRUS6-0,RRUS11,CB4L118878,2,DEACTIVATED,ACTIVATED,4,"[42, 86, 32, 72]",2,0,DEACTIVATED,ACTIVATED,5,-97,0,-108,-106,6,11,3,nan,nan,nan,nan,nan,nan,nan,nan,35.40098885,127.6042284,5159575416,nan,2980164772
62041,DummyBTS_574,3,dummy-node-532,dummy-eutran-144,2500,LOCKED,DISABLED,Blank,1990,0,9,6,38.25525416,129.5817368,2,FALSE,13,281,19029,4,485,7,TRUE,8,TRUE,10,12.dummy.address,90-B11-RRUS12-0,RRUS15,CB4L917640,0,ACTIVATED,DEACTIVATED,2,"[48, 55, 82, 55]",7,6,DEACTIVATED,DEACTIVATED,8,-103,1,-126,-112,1,22,6,nan,nan,nan,nan,nan,nan,nan,nan,39.49312036,129.6317036,5552436424,nan,1771653536
66817,DummyBTS_514,6,dummy-node-944,dummy-eutran-838,3200,UNLOCKED,DISABLED,Blank,1021,9,1,5,36.14999748,127.5631276,0,TRUE,0,444,16402,9,152,414,FALSE,46,TRUE,47,6.dummy.address,42-B7-RRUS19-0,RRUS9,CB4L331952,0,DEACTIVATED,ACTIVATED,1,"[169, 188, 99, 160]",0,9,DEACTIVATED,ACTIVATED,5,-106,1,-103,-116,6,24,3,nan,nan,nan,nan,nan,nan,nan,nan,39.8899227,129.9227387,3354443437,nan,3563974037
63907,DummyBTS_256,9,dummy-node-752,dummy-eutran-162,2500,UNLOCKED,ENABLED,Blank,1810,2,0,4,39.28389983,128.8360116,1,FALSE,13,74,19236,5,383,247,TRUE,5,TRUE,41,64.dummy.address,99-B4-RRUS13-0,RRUS16,CB4L876466,1,ACTIVATED,DEACTIVATED,4,"[134, 195, 87, 25]",1,5,ACTIVATED,DEACTIVATED,5,-128,5,-92,-128,3,2,8,nan,nan,nan,nan,nan,nan,nan,nan,35.93706283,128.7614617,6514466438,nan,5676626664
79373,DummyBTS_637,1,dummy-node-17,dummy-eutran-273,2850,LOCKED,ENABLED,Blank,1303,1,5,7,39.55189521,129.1858578,0,TRUE,3,87,19445,6,495,471,FALSE,27,FALSE,42,97.dummy.address,9-B11-RRUS4-0,RRUS11,CB4L158490,0,ACTIVATED,DEACTIVATED,6,"[167, 68, 140, 45]",2,6,ACTIVATED,DEACTIVATED,8,-108,2,-128,-95,2,25,2,nan,nan,nan,nan,nan,nan,nan,nan,37.36610667,128.229323,5265502553,nan,5199288779
65877,DummyBTS_568,9,dummy-node-509,dummy-eutran-719,3200,UNLOCKED,ENABLED,Blank,1362,5,9,3,38.41635791,127.6265108,2,TRUE,9,321,17021,2,488,6,FALSE,48,FALSE,31,82.dummy.address,44-B6-RRUS1-0,RRUS2,CB4L280248,0,DEACTIVATED,ACTIVATED,7,"[99, 63, 13, 147]",2,8,ACTIVATED,DEACTIVATED,3,-101,3,-101,-109,5,40,0,nan,nan,nan,nan,nan,nan,nan,nan,38.39802359,129.3524538,7543358401,nan,1563580867
62819,DummyBTS_64,0,dummy-node-182,dummy-eutran-64,3200,LOCKED,ENABLED,Blank,1026,7,8,0,36.8024348,129.732954,2,FALSE,28,351,13261,8,481,281,TRUE,44,FALSE,1,24.dummy.address,38-B11-RRUS18-0,RRUS8,CB4L761781,1,DEACTIVATED,DEACTIVATED,8,"[194, 135, 90, 74]",7,9,ACTIVATED,DEACTIVATED,9,-108,5,-101,-103,7,24,7,nan,nan,nan,nan,nan,nan,nan,nan,39.4077457,127.545829,5583843646,nan,3220263203
67840,DummyBTS_915,7,dummy-node-164,dummy-eutran-100,3200,LOCKED,ENABLED,Blank,1452,8,1,2,37.02178654,128.6232759,1,FALSE,4,371,11011,2,356,160,TRUE,67,FALSE,21,10.dummy.address,4-B15-RRUS13-0,RRUS3,CB4L587416,1,ACTIVATED,DEACTIVATED,7,"[120, 139, 173, 154]",5,3,ACTIVATED,DEACTIVATED,7,-110,9,-114,-127,3,14,0,nan,nan,nan,nan,nan,nan,nan,nan,35.28798584,127.3904319,5344932550,nan,8213685541
65848,DummyBTS_889,3,dummy-node-991,dummy-eutran-933,2850,LOCKED,ENABLED,Blank,1283,8,9,2,38.24568061,128.1360791,0,TRUE,2,13,17891,5,401,363,FALSE,40,TRUE,13,48.dummy.address,75-B8-RRUS16-0,RRUS15,CB4L535395,1,DEACTIVATED,DEACTIVATED,9,"[62, 46, 44, 20]",7,3,DEACTIVATED,ACTIVATED,7,-110,5,-115,-115,9,47,2,nan,nan,nan,nan,nan,nan,nan,nan,36.66442952,127.9281162,3688045673,nan,2829897879
73662,DummyBTS_323,1,dummy-node-460,dummy-eutran-769,2850,UNLOCKED,ENABLED,Blank,1011,6,7,2,39.91875108,127.7100783,1,FALSE,13,308,13582,4,284,223,FALSE,72,FALSE,6,40.dummy.address,69-B2-RRUS5-0,RRUS7,CB4L343226,0,DEACTIVATED,DEACTIVATED,3,"[149, 105, 63, 5]",4,5,DEACTIVATED,DEACTIVATED,4,-108,4,-102,-100,9,18,1,nan,nan,nan,nan,nan,nan,nan,nan,39.01530194,128.0274685,4546458306,nan,7196969451
62075,DummyBTS_894,4,dummy-node-568,dummy-eutran-413,3200,UNLOCKED,DISABLED,Blank,1295,5,8,4,37.86034336,129.3389848,0,FALSE,28,77,19409,6,106,245,TRUE,21,TRUE,48,79.dummy.address,97-B4-RRUS10-0,RRUS7,CB4L125114,0,DEACTIVATED,DEACTIVATED,8,"[52, 56, 72, 77]",9,2,DEACTIVATED,ACTIVATED,9,-122,6,-101,-129,6,7,6,nan,nan,nan,nan,nan,nan,nan,nan,38.90335514,129.6872609,8397246142,nan,9340480865
67943,DummyBTS_290,5,dummy-node-947,dummy-eutran-244,2850,LOCKED,DISABLED,Blank,1836,1,4,5,39.56385014,127.4944223,0,TRUE,19,51,12240,7,342,427,FALSE,72,FALSE,35,93.dummy.address,97-B6-RRUS19-0,RRUS16,CB4L136937,2,ACTIVATED,DEACTIVATED,5,"[94, 24, 157, 61]",3,9,DEACTIVATED,DEACTIVATED,3,-110,8,-109,-123,2,7,4,nan,nan,nan,nan,nan,nan,nan,nan,39.81915669,128.1143605,8700695842,nan,6714445116
60212,DummyBTS_115,5,dummy-node-761,dummy-eutran-925,2850,LOCKED,DISABLED,Blank,1929,8,1,5,35.18080879,129.5168832,2,FALSE,19,457,18300,8,433,365,FALSE,14,FALSE,21,52.dummy.address,3-B1-RRUS7-0,RRUS4,CB4L813936,2,DEACTIVATED,ACTIVATED,6,"[125, 53, 17, 78]",7,3,DEACTIVATED,DEACTIVATED,7,-114,3,-128,-114,8,3,1,nan,nan,nan,nan,nan,nan,nan,nan,36.34555914,127.1922983,1055678869,nan,2064794475
63353,DummyBTS_334,4,dummy-node-482,dummy-eutran-360,2850,UNLOCKED,ENABLED,Blank,1716,3,6,1,39.1907377,129.1057059,0,TRUE,28,277,19825,2,52,203,FALSE,31,TRUE,27,89.dummy.address,92-B17-RRUS8-0,RRUS3,CB4L742667,2,ACTIVATED,DEACTIVATED,9,"[23, 61, 28, 100]",0,0,DEACTIVATED,ACTIVATED,2,-102,4,-102,-119,0,12,2,nan,nan,nan,nan,nan,nan,nan,nan,35.70983896,129.1277056,3791091905,nan,4333039056
75345,DummyBTS_251,2,dummy-node-622,dummy-eutran-125,2500,LOCKED,DISABLED,Blank,1459,8,0,8,36.05780217,128.598931,2,FALSE,13,336,18398,7,221,8,TRUE,57,TRUE,41,17.dummy.address,26-B9-RRUS1-0,RRUS6,CB4L332481,2,DEACTIVATED,ACTIVATED,5,"[96, 114, 118, 141]",8,4,DEACTIVATED,ACTIVATED,0,-129,2,-96,-113,8,49,6,nan,nan,nan,nan,nan,nan,nan,nan,37.20638157,128.5131234,1669117616,nan,8847361751
60207,DummyBTS_434,8,dummy-node-119,dummy-eutran-229,3200,LOCKED,ENABLED,Blank,1660,3,3,9,38.76825941,128.9017412,0,FALSE,3,338,18388,4,155,467,FALSE,57,FALSE,29,91.dummy.address,47-B5-RRUS19-0,RRUS4,CB4L242134,2,DEACTIVATED,ACTIVATED,6,"[173, 145, 176, 68]",3,5,DEACTIVATED,DEACTIVATED,1,-111,8,-129,-116,0,48,4,nan,nan,nan,nan,nan,nan,nan,nan,39.32232266,128.9756822,6272774367,nan,6285087056
76377,DummyBTS_351,9,dummy-node-914,dummy-eutran-584,2500,UNLOCKED,DISABLED,Blank,1505,1,1,8,36.84860016,128.7504131,2,FALSE,15,159,13172,2,172,150,FALSE,4,TRUE,16,16.dummy.address,51-B10-RRUS15-0,RRUS4,CB4L609119,1,ACTIVATED,ACTIVATED,6,"[51, 116, 113, 46]",1,3,DEACTIVATED,DEACTIVATED,1,-102,0,-111,-109,1,35,9,nan,nan,nan,nan,nan,nan,nan,nan,38.16991701,129.787934,9949466623,nan,7254099823
78074,DummyBTS_471,2,dummy-node-291,dummy-eutran-912,2850,LOCKED,ENABLED,Blank,1049,5,8,1,36.63983086,128.3598972,1,TRUE,5,148,13197,7,192,137,FALSE,48,TRUE,32,65.dummy.address,67-B5-RRUS3-0,RRUS19,CB4L880450,2,ACTIVATED,DEACTIVATED,2,"[49, 54, 4, 103]",6,8,DEACTIVATED,ACTIVATED,8,-120,9,-105,-130,7,4,1,nan,nan,nan,nan,nan,nan,nan,nan,36.14409585,128.7864105,9553762991,nan,2763607789
77259,DummyBTS_183,5,dummy-node-719,dummy-eutran-618,2500,LOCKED,ENABLED,Blank,1571,1,2,4,38.17939648,128.091517,1,TRUE,26,370,16776,9,68,105,FALSE,98,TRUE,9,19.dummy.address,80-B3-RRUS15-0,RRUS15,CB4L750536,1,ACTIVATED,ACTIVATED,9,"[128, 1, 71, 127]",0,0,ACTIVATED,DEACTIVATED,9,-92,8,-112,-98,0,43,8,nan,nan,nan,nan,nan,nan,nan,nan,36.97896592,128.1600997,7048490145,nan,6704966388
76374,DummyBTS_271,1,dummy-node-753,dummy-eutran-255,2500,UNLOCKED,ENABLED,Blank,1866,2,3,6,37.46583132,129.7763414,1,TRUE,26,183,17290,9,23,303,TRUE,69,FALSE,6,51.dummy.address,80-B13-RRUS11-0,RRUS2,CB4L914432,2,DEACTIVATED,ACTIVATED,2,"[110, 25, 15, 22]",6,2,DEACTIVATED,ACTIVATED,7,-122,6,-108,-111,8,11,3,nan,nan,nan,nan,nan,nan,nan,nan,37.06783264,128.4645196,2696613242,nan,8068631082
73107,DummyBTS_41,8,dummy-node-678,dummy-eutran-344,3200,UNLOCKED,DISABLED,Blank,1692,5,1,7,36.10325679,127.2935019,1,FALSE,22,184,19655,8,49,441,TRUE,22,FALSE,33,62.dummy.address,51-B14-RRUS5-0,RRUS19,CB4L809943,1,DEACTIVATED,ACTIVATED,0,"[20, 136, 77, 42]",8,8,ACTIVATED,ACTIVATED,4,-114,0,-109,-123,1,40,1,nan,nan,nan,nan,nan,nan,nan,nan,37.70148702,128.981214,1291790727,nan,3731771923
66615,DummyBTS_216,5,dummy-node-969,dummy-eutran-945,2500,UNLOCKED,ENABLED,Blank,1724,2,2,2,39.88488083,127.4697536,1,FALSE,22,317,15087,6,114,231,TRUE,90,TRUE,17,73.dummy.address,84-B18-RRUS8-0,RRUS15,CB4L737552,2,DEACTIVATED,ACTIVATED,9,"[47, 94, 18, 4]",9,8,ACTIVATED,ACTIVATED,3,-101,3,-106,-99,1,0,3,nan,nan,nan,nan,nan,nan,nan,nan,37.40333631,128.8228886,1418515686,nan,6766617750
66720,DummyBTS_195,8,dummy-node-277,dummy-eutran-650,2850,LOCKED,ENABLED,Blank,1953,4,0,6,36.52928278,127.0097711,2,FALSE,13,193,14798,3,373,346,FALSE,53,TRUE,3,59.dummy.address,72-B19-RRUS5-0,RRUS14,CB4L142821,0,DEACTIVATED,ACTIVATED,2,"[144, 163, 165, 197]",5,2,DEACTIVATED,DEACTIVATED,1,-125,2,-120,-113,0,22,4,nan,nan,nan,nan,nan,nan,nan,nan,37.94735572,129.6441256,3137231505,nan,1525992973
71105,DummyBTS_671,5,dummy-node-291,dummy-eutran-195,2500,UNLOCKED,ENABLED,Blank,1694,8,6,3,35.86085032,129.750857,1,FALSE,14,60,12557,5,139,421,TRUE,28,FALSE,31,11.dummy.address,7-B16-RRUS19-0,RRUS7,CB4L722940,2,ACTIVATED,ACTIVATED,3,"[110, 181, 102, 184]",1,0,ACTIVATED,ACTIVATED,8,-105,4,-112,-111,2,43,4,nan,nan,nan,nan,nan,nan,nan,nan,39.73426022,127.775279,7479747390,nan,5109109236
75975,DummyBTS_935,2,dummy-node-646,dummy-eutran-70,2500,UNLOCKED,DISABLED,Blank,1735,4,6,5,39.59340428,128.6174731,2,TRUE,14,197,13094,1,298,175,FALSE,61,TRUE,10,6.dummy.address,90-B2-RRUS8-0,RRUS1,CB4L883191,2,ACTIVATED,ACTIVATED,8,"[51, 87, 86, 181]",4,7,DEACTIVATED,ACTIVATED,4,-99,2,-115,-122,2,39,1,nan,nan,nan,nan,nan,nan,nan,nan,36.03350552,129.4646799,8743559321,nan,4016257363
77890,DummyBTS_400,7,dummy-node-460,dummy-eutran-497,2500,UNLOCKED,ENABLED,Blank,1746,4,7,3,37.79159507,128.4452488,2,TRUE,24,16,13838,6,401,128,FALSE,43,TRUE,3,62.dummy.address,83-B15-RRUS12-0,RRUS16,CB4L679705,2,ACTIVATED,ACTIVATED,7,"[169, 98, 37, 155]",0,9,DEACTIVATED,ACTIVATED,7,-119,4,-123,-108,9,27,8,nan,nan,nan,nan,nan,nan,nan,nan,39.67484234,127.4419094,3751060889,nan,9734454157
75220,DummyBTS_820,5,dummy-node-102,dummy-eutran-190,2850,LOCKED,ENABLED,Blank,1715,0,2,3,37.33626116,128.4943054,0,TRUE,26,295,13167,5,60,104,TRUE,45,FALSE,2,11.dummy.address,29-B19-RRUS16-0,RRUS16,CB4L863918,1,DEACTIVATED,DEACTIVATED,6,"[188, 19, 99, 133]",2,2,ACTIVATED,ACTIVATED,4,-108,4,-123,-105,1,27,7,nan,nan,nan,nan,nan,nan,nan,nan,36.78567471,129.3686738,9372502480,nan,7650052710
73218,DummyBTS_780,6,dummy-node-772,dummy-eutran-22,3200,LOCKED,DISABLED,Blank,1452,4,2,8,39.59826567,129.4678583,1,TRUE,22,295,19689,3,181,91,TRUE,67,FALSE,23,21.dummy.address,67-B13-RRUS3-0,RRUS2,CB4L651151,2,ACTIVATED,ACTIVATED,2,"[107, 30, 2, 145]",8,9,ACTIVATED,DEACTIVATED,1,-99,4,-101,-113,2,42,2,nan,nan,nan,nan,nan,nan,nan,nan,39.2575087,129.3495114,1833012951,nan,8711411309
66852,DummyBTS_111,0,dummy-node-210,dummy-eutran-5,2500,UNLOCKED,DISABLED,Blank,1247,8,9,4,39.30106043,128.2244346,1,TRUE,17,437,11676,8,373,458,TRUE,91,FALSE,35,3.dummy.address,82-B15-RRUS10-0,RRUS2,CB4L275823,0,ACTIVATED,DEACTIVATED,6,"[118, 12, 17, 98]",3,5,ACTIVATED,ACTIVATED,7,-113,2,-102,-95,9,21,6,nan,nan,nan,nan,nan,nan,nan,nan,38.64930716,127.4077156,2560266478,nan,8077826581
73905,DummyBTS_586,9,dummy-node-886,dummy-eutran-681,2850,LOCKED,ENABLED,Blank,1732,1,6,1,38.69167564,127.4944686,2,TRUE,7,265,15135,4,205,135,FALSE,28,TRUE,6,66.dummy.address,79-B10-RRUS11-0,RRUS2,CB4L325025,0,DEACTIVATED,ACTIVATED,8,"[142, 32, 111, 123]",3,6,DEACTIVATED,DEACTIVATED,1,-100,8,-126,-129,8,0,1,nan,nan,nan,nan,nan,nan,nan,nan,38.32333186,129.2216026,5125244203,nan,3303374623
63191,DummyBTS_59,1,dummy-node-392,dummy-eutran-509,2500,LOCKED,DISABLED,Blank,1681,0,4,0,38.90098653,127.8242969,1,FALSE,24,195,13506,3,139,401,TRUE,94,FALSE,16,48.dummy.address,90-B11-RRUS11-0,RRUS16,CB4L593177,2,DEACTIVATED,DEACTIVATED,7,"[34, 21, 3, 109]",2,4,DEACTIVATED,DEACTIVATED,7,-130,2,-129,-125,8,25,9,nan,nan,nan,nan,nan,nan,nan,nan,36.96179663,128.2103716,5391192034,nan,3820711486
76481,DummyBTS_638,4,dummy-node-224,dummy-eutran-110,2850,LOCKED,ENABLED,Blank,1373,7,0,7,38.54248673,129.6727091,1,TRUE,10,338,14333,8,334,289,FALSE,99,FALSE,46,6.dummy.address,2-B13-RRUS16-0,RRUS2,CB4L353709,2,DEACTIVATED,DEACTIVATED,9,"[21, 127, 34, 87]",9,2,DEACTIVATED,DEACTIVATED,3,-111,1,-105,-112,4,13,4,nan,nan,nan,nan,nan,nan,nan,nan,35.20870688,127.6428116,3723105602,nan,2505933048
60153,DummyBTS_871,5,dummy-node-785,dummy-eutran-574,2500,LOCKED,ENABLED,Blank,1725,4,8,6,39.08686408,129.8139155,1,TRUE,28,175,12964,5,27,29,FALSE,40,FALSE,12,69.dummy.address,88-B10-RRUS5-0,RRUS5,CB4L289685,1,ACTIVATED,ACTIVATED,1,"[37, 177, 31, 107]",4,8,DEACTIVATED,ACTIVATED,7,-109,9,-115,-95,9,15,2,nan,nan,nan,nan,nan,nan,nan,nan,38.33383409,128.534713,2074146559,nan,6914778427
68463,DummyBTS_14,3,dummy-node-757,dummy-eutran-290,2850,UNLOCKED,ENABLED,Blank,1566,4,3,3,35.89678223,128.4677051,0,TRUE,24,216,13475,6,311,83,FALSE,70,TRUE,12,52.dummy.address,57-B18-RRUS13-0,RRUS16,CB4L333232,1,DEACTIVATED,DEACTIVATED,1,"[59, 128, 154, 47]",6,0,DEACTIVATED,ACTIVATED,5,-93,4,-91,-95,5,25,1,nan,nan,nan,nan,nan,nan,nan,nan,39.36823948,129.2404861,2702964841,nan,8521196258
72228,DummyBTS_693,8,dummy-node-241,dummy-eutran-562,2500,LOCKED,ENABLED,Blank,1396,1,3,1,37.82924316,127.4606269,0,TRUE,3,40,13303,9,56,5,TRUE,42,TRUE,32,79.dummy.address,36-B6-RRUS17-0,RRUS15,CB4L350103,2,DEACTIVATED,ACTIVATED,0,"[116, 181, 90, 196]",7,5,DEACTIVATED,DEACTIVATED,7,-114,0,-95,-99,6,16,1,nan,nan,nan,nan,nan,nan,nan,nan,39.12417871,129.421165,9313416619,nan,9589532831
66297,DummyBTS_979,8,dummy-node-770,dummy-eutran-789,2500,UNLOCKED,DISABLED,Blank,1870,1,6,5,38.68390951,129.584558,0,FALSE,7,219,19989,3,274,121,FALSE,15,TRUE,2,98.dummy.address,15-B8-RRUS1-0,RRUS1,CB4L434409,0,ACTIVATED,DEACTIVATED,9,"[62, 88, 149, 12]",5,5,DEACTIVATED,DEACTIVATED,5,-106,4,-102,-108,0,40,4,nan,nan,nan,nan,nan,nan,nan,nan,37.64691384,128.5426868,3867218187,nan,9281283771
74068,DummyBTS_191,9,dummy-node-320,dummy-eutran-380,2850,LOCKED,DISABLED,Blank,1465,8,1,7,35.39758041,129.5031924,0,FALSE,29,218,16613,4,445,84,TRUE,15,FALSE,11,17.dummy.address,98-B2-RRUS6-0,RRUS15,CB4L557485,2,DEACTIVATED,DEACTIVATED,9,"[87, 21, 176, 28]",7,6,DEACTIVATED,ACTIVATED,5,-123,8,-104,-126,2,31,8,nan,nan,nan,nan,nan,nan,nan,nan,37.00064797,127.3755973,9068403931,nan,5729860855
63711,DummyBTS_608,9,dummy-node-719,dummy-eutran-301,2850,UNLOCKED,ENABLED,Blank,1457,8,2,8,39.06284595,127.1818359,2,TRUE,9,26,18179,9,252,40,TRUE,44,TRUE,13,28.dummy.address,99-B16-RRUS19-0,RRUS9,CB4L412230,0,ACTIVATED,DEACTIVATED,2,"[55, 79, 185, 98]",0,1,DEACTIVATED,DEACTIVATED,0,-118,3,-110,-114,3,38,0,nan,nan,nan,nan,nan,nan,nan,nan,37.51477214,127.6921061,6242129964,nan,4557615783
70932,DummyBTS_399,1,dummy-node-911,dummy-eutran-102,2500,UNLOCKED,ENABLED,Blank,1165,6,9,8,35.51805114,127.2635563,2,TRUE,28,184,18995,3,479,490,TRUE,12,FALSE,46,40.dummy.address,66-B7-RRUS11-0,RRUS4,CB4L761666,2,ACTIVATED,ACTIVATED,8,"[59, 196, 39, 26]",4,6,ACTIVATED,DEACTIVATED,4,-112,9,-118,-116,2,29,2,nan,nan,nan,nan,nan,nan,nan,nan,37.53899078,128.4413894,2238537722,nan,2894085565
61351,DummyBTS_227,0,dummy-node-944,dummy-eutran-248,2850,LOCKED,ENABLED,Blank,1812,0,1,2,39.44143065,129.1167733,0,FALSE,19,483,10419,6,84,167,FALSE,57,FALSE,25,55.dummy.address,57-B11-RRUS2-0,RRUS13,CB4L410174,0,DEACTIVATED,DEACTIVATED,4,"[196, 194, 7, 40]",3,4,DEACTIVATED,ACTIVATED,0,-121,1,-125,-122,7,37,4,nan,nan,nan,nan,nan,nan,nan,nan,37.22801744,128.0356126,3932147048,nan,4339620984
74441,DummyBTS_700,3,dummy-node-916,dummy-eutran-342,2500,LOCKED,ENABLED,Blank,1171,8,7,5,39.9045675,127.2587482,0,TRUE,3,370,14985,4,280,76,TRUE,29,FALSE,32,16.dummy.address,75-B4-RRUS2-0,RRUS2,CB4L927049,1,ACTIVATED,DEACTIVATED,7,"[128, 62, 75, 164]",0,5,ACTIVATED,DEACTIVATED,7,-111,2,-109,-123,1,34,4,nan,nan,nan,nan,nan,nan,nan,nan,37.12490671,127.1040559,3572586961,nan,9519875973
64120,DummyBTS_643,8,dummy-node-846,dummy-eutran-748,2850,LOCKED,DISABLED,Blank,1479,9,0,4,39.73493227,129.270679,2,TRUE,2,251,17938,9,274,81,TRUE,39,TRUE,9,80.dummy.address,96-B9-RRUS8-0,RRUS2,CB4L594056,1,DEACTIVATED,ACTIVATED,0,"[127, 5, 191, 125]",6,2,DEACTIVATED,DEACTIVATED,3,-102,7,-108,-101,0,12,3,nan,nan,nan,nan,nan,nan,nan,nan,39.11713811,128.7452376,2407119035,nan,6360601808
60283,DummyBTS_141,4,dummy-node-605,dummy-eutran-640,2850,UNLOCKED,ENABLED,Blank,1978,9,3,2,38.90314675,129.4318556,1,TRUE,28,95,17198,5,126,76,TRUE,82,TRUE,2,97.dummy.address,71-B1-RRUS13-0,RRUS3,CB4L278401,2,DEACTIVATED,ACTIVATED,8,"[182, 77, 120, 87]",5,7,DEACTIVATED,DEACTIVATED,5,-91,7,-121,-99,3,22,6,nan,nan,nan,nan,nan,nan,nan,nan,38.68253919,127.2107358,6706964147,nan,3034469260
78828,DummyBTS_456,3,dummy-node-799,dummy-eutran-959,2850,LOCKED,ENABLED,Blank,1495,0,5,1,35.7871499,127.6267735,2,FALSE,19,455,10658,4,27,248,FALSE,83,TRUE,43,96.dummy.address,75-B3-RRUS4-0,RRUS2,CB4L242355,1,DEACTIVATED,ACTIVATED,7,"[86, 143, 148, 67]",6,6,DEACTIVATED,DEACTIVATED,8,-112,5,-121,-119,8,20,5,nan,nan,nan,nan,nan,nan,nan,nan,35.15331191,129.1437894,1269162177,nan,2635976942
62429,DummyBTS_132,6,dummy-node-777,dummy-eutran-700,3200,UNLOCKED,DISABLED,Blank,1068,8,2,5,35.33163586,129.7486662,0,FALSE,21,162,19418,4,357,444,TRUE,96,FALSE,21,78.dummy.address,49-B16-RRUS5-0,RRUS9,CB4L504181,2,DEACTIVATED,DEACTIVATED,0,"[69, 45, 99, 75]",6,1,ACTIVATED,ACTIVATED,9,-104,9,-118,-93,1,19,3,nan,nan,nan,nan,nan,nan,nan,nan,37.10058838,128.0440374,1409169385,nan,6608513418
77446,DummyBTS_552,5,dummy-node-925,dummy-eutran-229,2850,LOCKED,ENABLED,Blank,1935,8,7,0,35.89646216,127.3036984,2,FALSE,17,173,14714,5,296,251,FALSE,32,TRUE,28,21.dummy.address,80-B13-RRUS15-0,RRUS9,CB4L993364,1,DEACTIVATED,DEACTIVATED,3,"[13, 135, 156, 81]",6,1,DEACTIVATED,DEACTIVATED,7,-128,1,-97,-97,0,15,9,nan,nan,nan,nan,nan,nan,nan,nan,35.00148388,127.8779609,5275513307,nan,8440269420
77154,DummyBTS_195,5,dummy-node-185,dummy-eutran-495,2500,UNLOCKED,ENABLED,Blank,1379,9,1,0,39.25525316,128.704075,1,TRUE,15,158,12835,1,245,398,FALSE,85,FALSE,37,21.dummy.address,87-B10-RRUS14-0,RRUS2,CB4L409512,2,ACTIVATED,DEACTIVATED,0,"[126, 50, 26, 93]",2,2,ACTIVATED,ACTIVATED,0,-97,2,-95,-112,7,18,9,nan,nan,nan,nan,nan,nan,nan,nan,36.35491469,129.2659134,2506900417,nan,7621534401
62284,DummyBTS_813,7,dummy-node-8,dummy-eutran-209,2850,UNLOCKED,ENABLED,Blank,1973,7,8,3,38.7249251,127.7034955,2,TRUE,12,99,11189,7,235,491,TRUE,43,TRUE,38,26.dummy.address,17-B6-RRUS2-0,RRUS18,CB4L179020,1,DEACTIVATED,DEACTIVATED,6,"[157, 47, 39, 135]",2,0,ACTIVATED,DEACTIVATED,8,-123,2,-95,-119,5,31,7,nan,nan,nan,nan,nan,nan,nan,nan,36.72466931,128.3857803,8766130396,nan,9360282163
65730,DummyBTS_195,9,dummy-node-799,dummy-eutran-145,3200,LOCKED,DISABLED,Blank,1893,2,5,6,39.11504533,129.1920676,1,FALSE,4,54,13090,1,413,319,FALSE,6,FALSE,11,74.dummy.address,96-B7-RRUS8-0,RRUS12,CB4L523006,2,ACTIVATED,ACTIVATED,1,"[57, 162, 25, 148]",8,6,DEACTIVATED,DEACTIVATED,1,-128,4,-92,-96,6,44,0,nan,nan,nan,nan,nan,nan,nan,nan,39.34072831,128.6701294,1093425868,nan,9148489037
72792,DummyBTS_135,4,dummy-node-690,dummy-eutran-909,2850,LOCKED,DISABLED,Blank,1469,1,3,0,37.61222152,127.3390933,0,FALSE,16,440,11269,3,483,301,FALSE,95,TRUE,37,19.dummy.address,36-B4-RRUS1-0,RRUS12,CB4L487241,2,DEACTIVATED,ACTIVATED,7,"[46, 89, 198, 197]",1,4,DEACTIVATED,ACTIVATED,6,-127,8,-99,-116,9,33,1,nan,nan,nan,nan,nan,nan,nan,nan,36.81519511,129.5598672,7616502484,nan,3166240788
68207,DummyBTS_703,2,dummy-node-500,dummy-eutran-291,3200,UNLOCKED,ENABLED,Blank,1765,0,4,1,36.52116811,128.0234228,1,FALSE,22,8,14892,9,91,491,FALSE,49,TRUE,47,84.dummy.address,40-B2-RRUS6-0,RRUS14,CB4L509187,1,ACTIVATED,DEACTIVATED,2,"[22, 126, 117, 87]",3,5,ACTIVATED,DEACTIVATED,5,-117,3,-92,-104,5,3,8,nan,nan,nan,nan,nan,nan,nan,nan,39.85856221,128.5388025,2230944670,nan,5742049899
78373,DummyBTS_846,9,dummy-node-894,dummy-eutran-432,3200,LOCKED,DISABLED,Blank,1714,0,4,8,35.38038943,128.4715823,1,FALSE,5,331,13721,8,327,433,FALSE,23,FALSE,8,57.dummy.address,43-B14-RRUS19-0,RRUS7,CB4L592207,2,DEACTIVATED,DEACTIVATED,9,"[34, 75, 145, 46]",9,0,DEACTIVATED,ACTIVATED,2,-118,3,-92,-96,1,46,9,nan,nan,nan,nan,nan,nan,nan,nan,39.40369006,127.6065957,8321464172,nan,2698903755
71734,DummyBTS_152,6,dummy-node-64,dummy-eutran-422,2850,UNLOCKED,ENABLED,Blank,1680,5,1,2,37.55202792,129.2348208,0,FALSE,28,316,14577,6,15,200,FALSE,42,FALSE,0,29.dummy.address,90-B13-RRUS11-0,RRUS3,CB4L357955,0,DEACTIVATED,DEACTIVATED,0,"[125, 79, 158, 180]",1,4,DEACTIVATED,ACTIVATED,9,-130,0,-116,-121,9,16,1,nan,nan,nan,nan,nan,nan,nan,nan,38.01434424,128.4352238,4393676532,nan,4218426957
67149,DummyBTS_330,3,dummy-node-480,dummy-eutran-216,2500,UNLOCKED,ENABLED,Blank,1191,1,2,0,38.53245273,127.3067281,0,TRUE,19,184,17688,3,131,134,FALSE,59,FALSE,26,13.dummy.address,7-B17-RRUS2-0,RRUS10,CB4L595453,2,ACTIVATED,DEACTIVATED,5,"[41, 146, 67, 195]",9,7,DEACTIVATED,DEACTIVATED,3,-92,9,-117,-105,7,26,8,nan,nan,nan,nan,nan,nan,nan,nan,35.92607086,127.8450221,9629234798,nan,7643850147
77221,DummyBTS_265,3,dummy-node-181,dummy-eutran-133,2500,LOCKED,DISABLED,Blank,1342,5,3,2,37.75579075,127.2861391,1,TRUE,4,477,13986,8,420,390,FALSE,32,TRUE,23,25.dummy.address,7-B8-RRUS1-0,RRUS14,CB4L107509,2,ACTIVATED,ACTIVATED,3,"[133, 28, 44, 160]",3,2,DEACTIVATED,ACTIVATED,2,-97,4,-97,-93,7,42,6,nan,nan,nan,nan,nan,nan,nan,nan,37.34576358,128.8145144,1666922711,nan,3521649179
65659,DummyBTS_754,2,dummy-node-695,dummy-eutran-294,3200,LOCKED,ENABLED,Blank,1090,5,3,1,37.29887665,128.4166127,2,TRUE,8,35,11494,1,348,306,FALSE,2,FALSE,44,7.dummy.address,96-B8-RRUS11-0,RRUS10,CB4L340547,1,ACTIVATED,ACTIVATED,8,"[40, 38, 21, 169]",6,9,ACTIVATED,DEACTIVATED,7,-116,0,-115,-110,9,34,6,nan,nan,nan,nan,nan,nan,nan,nan,37.63867724,128.5796236,6467058696,nan,8970145419
62267,DummyBTS_71,0,dummy-node-67,dummy-eutran-88,2500,UNLOCKED,ENABLED,Blank,1149,9,3,5,35.27289925,127.3409006,0,FALSE,5,116,19440,3,287,57,FALSE,22,TRUE,16,71.dummy.address,58-B16-RRUS2-0,RRUS10,CB4L495288,2,DEACTIVATED,ACTIVATED,8,"[196, 181, 1, 75]",4,5,ACTIVATED,DEACTIVATED,9,-100,4,-128,-114,1,11,5,nan,nan,nan,nan,nan,nan,nan,nan,36.47175314,127.7144976,2967138720,nan,2645577022
79726,DummyBTS_931,8,dummy-node-141,dummy-eutran-971,3200,LOCKED,DISABLED,Blank,1621,7,8,1,36.37580085,127.3141694,2,TRUE,22,30,19298,8,148,315,FALSE,43,TRUE,40,38.dummy.address,16-B1-RRUS11-0,RRUS14,CB4L460618,2,DEACTIVATED,ACTIVATED,5,"[40, 102, 135, 144]",0,6,DEACTIVATED,DEACTIVATED,0,-122,4,-120,-111,9,45,6,nan,nan,nan,nan,nan,nan,nan,nan,38.13572227,129.6415061,2654972403,nan,4810696024
61609,DummyBTS_335,9,dummy-node-241,dummy-eutran-836,2850,UNLOCKED,ENABLED,Blank,1801,7,7,4,37.57278667,127.4005491,0,TRUE,14,76,14239,2,126,354,FALSE,21,FALSE,24,98.dummy.address,60-B10-RRUS15-0,RRUS8,CB4L840236,1,ACTIVATED,ACTIVATED,9,"[61, 64, 159, 161]",7,1,DEACTIVATED,ACTIVATED,5,-113,9,-108,-107,5,40,8,nan,nan,nan,nan,nan,nan,nan,nan,37.22336329,127.3038099,6474538536,nan,6834403291
71303,DummyBTS_774,4,dummy-node-852,dummy-eutran-506,2500,UNLOCKED,DISABLED,Blank,1908,1,1,1,36.85213804,127.355598,0,TRUE,23,433,12936,5,285,400,FALSE,46,FALSE,31,3.dummy.address,55-B8-RRUS16-0,RRUS17,CB4L893686,1,ACTIVATED,ACTIVATED,6,"[53, 162, 159, 153]",6,7,ACTIVATED,DEACTIVATED,8,-107,7,-129,-127,5,44,2,nan,nan,nan,nan,nan,nan,nan,nan,38.64043608,127.2739571,3846803232,nan,3626874643
70704,DummyBTS_611,2,dummy-node-898,dummy-eutran-776,3200,UNLOCKED,ENABLED,Blank,1482,1,5,4,35.38337713,127.9372235,1,TRUE,19,118,17638,5,385,498,TRUE,11,FALSE,0,3.dummy.address,68-B12-RRUS19-0,RRUS17,CB4L242121,1,DEACTIVATED,ACTIVATED,3,"[57, 62, 47, 62]",7,9,DEACTIVATED,DEACTIVATED,7,-120,9,-99,-119,7,13,1,nan,nan,nan,nan,nan,nan,nan,nan,35.31614255,127.5631128,7829726514,nan,6896386134
69728,DummyBTS_976,9,dummy-node-672,dummy-eutran-386,3200,LOCKED,DISABLED,Blank,1076,9,9,3,36.64095979,129.2563642,0,FALSE,23,417,19333,7,384,158,FALSE,34,TRUE,13,38.dummy.address,11-B1-RRUS12-0,RRUS19,CB4L985929,0,DEACTIVATED,ACTIVATED,4,"[174, 72, 178, 166]",8,7,DEACTIVATED,ACTIVATED,8,-126,7,-96,-126,0,20,4,nan,nan,nan,nan,nan,nan,nan,nan,37.81287516,128.7322417,6118990554,nan,2223665640
70826,DummyBTS_267,0,dummy-node-755,dummy-eutran-771,3200,LOCKED,ENABLED,Blank,1816,2,2,7,38.62759232,129.7259845,2,TRUE,16,62,15876,3,302,476,TRUE,88,TRUE,18,5.dummy.address,47-B4-RRUS13-0,RRUS12,CB4L524000,2,DEACTIVATED,ACTIVATED,5,"[153, 39, 142, 61]",2,3,DEACTIVATED,DEACTIVATED,7,-127,1,-121,-120,3,37,7,nan,nan,nan,nan,nan,nan,nan,nan,35.65181878,129.162879,9271153149,nan,4638552940
